{"field_boundaries":{"coordinates_long_lat":[[7.166389,55.228056],[7.17,55.235],[7.201111,55.230556],[7.208889,55.222778],[7.246944,55.074167],[7.240833,55.066944],[7.177778,55.063333],[7.170833,55.071111],[7.168056,55.159722],[7.184167,55.161111]]},"restricted_areas":{"coordinates_long_lat":[[[7.23111111,55.12888889],[7.22,55.11972222],[7.23472222,55.11666667]]]},"substations":{"coordinates_long_lat":[[0,0],[0,0]]},"min_distance_between_turbines":160,"surface_roughness":0.2}